CREATE DATABASE Geometry DEFAULT CHARACTER SET utf8mb4 DEFAULT COLLATE utf8mb4_unicode_ci

/*-------------------------------------*/
CREATE TABLE `polyhedrons_list` (
  `polyhedra_id` int(11) NOT NULL,
  `name_rus` varchar(200) COLLATE utf8mb4_unicode_ci DEFAULT NULL,
  `name_eng` varchar(200) COLLATE utf8mb4_unicode_ci DEFAULT NULL,
  `description_rus` varchar(255) COLLATE utf8mb4_unicode_ci DEFAULT NULL,
  `description_eng` varchar(255) COLLATE utf8mb4_unicode_ci DEFAULT NULL,
  `type_id` int(11) DEFAULT NULL,
  `faces` int(11) DEFAULT NULL,
  `edges` int(11) DEFAULT NULL,
  `vertices` int(11) DEFAULT NULL,
  `image` varchar(100) COLLATE utf8mb4_unicode_ci DEFAULT NULL,
  `symmetry_id` int(11) DEFAULT NULL,
  `wenninger_number` int(11) DEFAULT NULL,
  `dual_id` int(11) DEFAULT NULL,
  PRIMARY KEY (`polyhedra_id`)
) ENGINE=InnoDB DEFAULT CHARSET=utf8mb4 COLLATE=utf8mb4_unicode_ci;

/*-------------------------------------*/
CREATE TABLE `polyhedrons_type` (
  `type_id` int(11) NOT NULL,
  `name_rus` varchar(200) COLLATE utf8mb4_unicode_ci DEFAULT NULL,
  `name_eng` varchar(200) COLLATE utf8mb4_unicode_ci DEFAULT NULL,
  `image` varchar(100) COLLATE utf8mb4_unicode_ci DEFAULT NULL,
  PRIMARY KEY (`type_id`)
) ENGINE=InnoDB DEFAULT CHARSET=utf8mb4 COLLATE=utf8mb4_unicode_ci;

/*-------------------------------------*/
CREATE TABLE `symmetry` (
  `symmetry_id` int(11) NOT NULL,
  `name_rus` varchar(100) COLLATE utf8mb4_unicode_ci DEFAULT NULL,
  `name_eng` varchar(100) COLLATE utf8mb4_unicode_ci DEFAULT NULL,
  PRIMARY KEY (`symmetry_id`)
) ENGINE=InnoDB DEFAULT CHARSET=utf8mb4 COLLATE=utf8mb4_unicode_ci;

/*-------------------------------------*/
INSERT INTO `polyhedrons_type` (`type_id`, `name_rus`, `name_eng`, `image`) VALUES
(0, 'Неизвестно', 'Unknown', ''),
(1, 'Платоновы тела', 'Platonic solids', 'dodecahedron.svg'),
(2, 'Архимедовы тела', 'Archimedean Solids', 'truncated_icosahedron.svg'),
(3, 'Каталановы тела', 'Catalan Solids', 'rhombic_triacontahedron.svg'),
(4, 'Тела Кеплера – Пуансо', 'Kepler-Poinsot Solids', 'small_stellated_dodecahedron.svg'),
(5, 'Звёздчатые многогранники', 'Star Polyhedrons', 'sixth_stellation_of_icosidodecahedron.png'),
(6, 'Многогранники Джонсона', 'Johnson Solids', 'gyroelongated_square_dipyramid.svg'),
(7, 'Однородные невыпуклые тела', 'Uniform nonconvex solids', 'great_cubicuboctahedron.svg'),
(8, 'Двойственные однородные невыпуклые тела', 'Dual uniform nonconvex solids', 'small_hexacronic_icositetrahedron.svg'),
(9, 'Призматоиды', 'Prismatoids', 'pentagonal_prism.svg'),
(10, 'Пирамиды', 'Pyramids', 'hexagonal_pyramid.png'),
(11, 'Бипирамиды', 'Dipyramids', 'hexagonal_dipyramid.svg'),
(12, 'Трапецоэдры', 'Trapezohedrons', 'tetragonal_trapezohedron.png');

/*-------------------------------------*/
INSERT INTO `symmetry` (`symmetry_id`, `name_rus`, `name_eng`) VALUES
(0, 'Неизвестно', 'Unknown'),
(1, 'Тетраэдральная симметрия', 'Tetrahedral symmetry'),
(2, 'Октаэдральная симметрия', 'Octahedral symmetry'),
(3, 'Икосаэдральная симметрия', 'Icosahedral symmetry');

/*-------------------------------------*/
TRUNCATE TABLE `polyhedrons_list`	

INSERT INTO `polyhedrons_list` (`polyhedra_id`, `name_rus`, `name_eng`, `description_rus`, `description_eng`, `type_id`, `faces`, `edges`, `vertices`, `image`, `symmetry_id`, `wenninger_number`, `dual_id`) VALUES
(0, 'Тетраэдр', 'Tetrahedron', 'Треугольная пирамида', 'Triangular Pyramid', 1, 4, 6, 4, 'tetrahedron.svg', 1, 1, 0),
(1, 'Куб', 'Cube', 'Гексаэдр, Квадратная призма, Треугольный трапецоэдр', 'Hexahedron, Square prism, Trigonal Trapezohedron', 1, 6, 12, 8, 'hexahedron.svg', 2, 3, 2),
(2, 'Октаэдр', 'Octahedron', 'Квадратная бипирамида', 'Square Dipyramid', 1, 8, 12, 6, 'octahedron.svg', 2, 2, 1),
(3, 'Додекаэдр', 'Dodecahedron', NULL, NULL, 1, 12, 30, 20, 'dodecahedron.svg', 3, 5, 4),
(4, 'Икосаэдр', 'Icosahedron', NULL, NULL, 1, 20, 30, 12, 'icosahedron.svg', 3, 4, 3),
(5, 'Усечённый тетраэдр', 'Truncated Tetrahedron', NULL, NULL, 2, 8, 18, 12, 'truncated_tetrahedron.svg', 1, 6, 20),
(6, 'Кубооктаэдр', 'Cuboctahedron', NULL, NULL, 2, 14, 24, 12, 'cuboctahedron.svg', 2, 11, 18),
(7, 'Усечённый куб', 'Truncated Cube', 'Усечённый гексаэдр', 'Truncated hexahedron', 2, 14, 36, 24, 'truncated_cube.svg', 2, 8, 23),
(8, 'Усечённый октаэдр', 'Truncated Octahedron', NULL, NULL, 2, 14, 36, 24, 'truncated_octahedron.svg', 2, 7, 21),
(9, 'Ромбокубооктаэдр', 'Rhombicuboctahedron', 'Малый ромбокубооктаэдр', 'Small rhombicuboctahedron', 2, 26, 48, 24, 'rhombicuboctahedron.svg', 2, 13, 25),
(10, 'Усечённый кубооктаэдр', 'Truncated Cuboctahedron', 'Большой ромбокубооктаэдр', 'Great Rhombicuboctahedron', 2, 26, 72, 48, 'truncated_cuboctahedron.svg', 2, 15, 28),
(11, 'Плосконосый куб', 'Snub Cube', NULL, NULL, 2, 38, 60, 24, 'snub_cube.svg', 2, 17, 29),
(12, 'Икосододекаэдр', 'Icosidodecahedron', NULL, NULL, 2, 32, 60, 30, 'icosidodecahedron.svg', 3, 12, 19),
(13, 'Усечённый додекаэдр', 'Truncated Dodecahedron', NULL, NULL, 2, 32, 90, 60, 'truncated_dodecahedron.svg', 3, 10, 24),
(14, 'Усечённый икосаэдр', 'Truncated Icosahedron', NULL, NULL, 2, 32, 90, 60, 'truncated_icosahedron.svg', 3, 9, 22),
(15, 'Ромбоикосододекаэдр', 'Rhombicosidodecahedron', 'Малый ромбоикосододекаэдр', 'Small Rhombicosidodecahedron', 2, 62, 120, 60, 'rhombicosidodecahedron.svg', 3, 14, 26),
(16, 'Ромбоусечённый икосододекаэдр', 'Truncated Icosidodecahedron', 'Большой ромбоикосододекаэдр', 'Great Rhombicosidodecahedron', 2, 62, 180, 120, 'truncated_icosidodecahedron.svg', 3, 16, 27),
(17, 'Плосконосый додекаэдр', 'Snub Dodecahedron', NULL, NULL, 2, 92, 150, 60, 'snub_dodecahedron.svg', 3, 18, 30),
(18, 'Ромбододекаэдр', 'Rhombic Dodecahedron', NULL, NULL, 3, 12, 24, 14, 'rhombic_dodecahedron.svg', 2, NULL, 6),
(19, 'Ромботриаконтаэдр', 'Rhombic Triacontahedron', NULL, NULL, 3, 30, 60, 32, 'rhombic_triacontahedron.svg', 3, NULL, 12),
(20, 'Триакистетраэдр', 'Triakis Tetrahedron', NULL, NULL, 3, 12, 18, 8, 'triakis_tetrahedron.svg', 1, NULL, 5),
(21, 'Тетракисгексаэдр', 'Tetrakishexahedron', 'Преломлённый куб', NULL, 3, 24, 36, 14, 'tetrakishexahedron.svg', 2, NULL, 8),
(22, 'Пентакисдодекаэдр', 'Pentakis Dodecahedron', NULL, NULL, 3, 60, 90, 32, 'pentakis_dodecahedron.svg', 3, NULL, 14),
(23, 'Триакисоктаэдр ', 'Triakis Octahedron', NULL, NULL, 3, 24, 36, 14, 'triakis_octahedron.svg', 2, NULL, 7),
(24, 'Триакисикосаэдр', 'Triakis Icosahedron', NULL, NULL, 3, 60, 90, 32, 'triakis_icosahedron.svg', 3, NULL, 13),
(25, 'Дельтоидальный икоситетраэдр', 'Deltoidal Icositetrahedron', NULL, NULL, 3, 24, 48, 26, 'deltoidal_icositetrahedron.svg', 2, NULL, 9),
(26, 'Дельтоидальный гексеконтаэдр', 'Deltoidal Hexecontahedron', NULL, NULL, 3, 60, 120, 62, 'deltoidal_hexecontahedron.svg', 3, NULL, 15),
(27, 'Гекзакисикосаэдр', 'Disdyakis Triacontahedron', NULL, NULL, 3, 120, 180, 62, 'disdyakis_triacontahedron.svg', 3, NULL, 16),
(28, 'Гекзакисоктаэдр', 'Disdyakis Dodecahedron', NULL, NULL, 3, 48, 72, 26, 'disdyakis_dodecahedron.svg', 2, NULL, 10),
(29, 'Пентагональный икоситетраэдр', 'Pentagonal Icositetrahedron', NULL, NULL, 3, 24, 60, 38, 'pentagonal_icositetrahedron.svg', 2, NULL, 11),
(30, 'Пентагональный гексеконтаэдр', 'Pentagonal Hexecontahedron', NULL, NULL, 3, 60, 150, 92, 'pentagonal_hexecontahedron.svg', 3, NULL, 17),
(31, 'Малый звёздчатый додекаэдр', 'Small Stellated Dodecahedron', NULL, NULL, 4, 12, 30, 12, 'small_stellated_dodecahedron.svg', 3, 20, 32),
(32, 'Большой додекаэдр', 'Great Dodecahedron', NULL, NULL, 4, 12, 30, 12, 'great_dodecahedron.svg', 3, 21, 31),
(33, 'Большой звездчатый додекаэдр', 'Great Stellated Dodecahedron', NULL, NULL, 4, 12, 30, 20, 'great_stellated_dodecahedron.svg', 3, 22, 34),
(34, 'Большой икосаэдр', 'Great icosahedron', 'Шестнадцатая звёздчатая форма икосаэдра', 'Sixteenth stellation of icosahedron', 4, 20, 30, 12, 'great_icosahedron.svg', 3, 41, 33),
(35, 'Соединение двух тетраэдров', 'Compound of two tetrahedra', 'Звёздчатый октаэдр', 'Stella Octangula', 5, 8, 12, 8, 'stella_octangula.svg', 2, 19, NULL),
(36, 'Соединение пяти октаэдров', 'Compound of five octahedra', 'Первая составная форма звёздчатого икосаэдра', 'First compound stellation oficosahedron', 5, 40, 60, 30, 'octahedron_5-compound.svg', 3, 23, NULL),
(37, 'Соединение пяти тетраэдров', 'Compound of five tetrahedra', 'Вторая составная форма звёздчатого икосаэдра', 'Second compound stellation oficosahedron', 5, 20, 30, 20, 'tetrahedron_5-compound.svg', 3, 24, NULL),
(38, 'Соединение десяти тетраэдров', 'Compound of ten tetrahedra', 'Третья составная форма звёздчатого икосаэдра', 'Third compound stellation oficosahedron', 5, 40, 60, 20, 'tetrahedron_10-compound.svg', 3, 25, NULL),
(39, 'Вторая звёздчатая форма икосаэдра', 'Second stellation of icosahedron', NULL, NULL, 5, NULL, NULL, NULL, 'second_stellation_of_icosahedron.png', 3, 27, NULL),
(40, 'Выемчатый додекаэдр', 'Excavated dodecahedron', 'Третья звёздчатая форма икосаэдра', 'Third stellation of icosahedron', 5, NULL, NULL, NULL, 'third_stellation_of_icosahedron.svg', 3, 28, NULL),
(41, 'Четвёртая звёздчатая форма икосаэдра', 'Fourth stellation of icosahedron', NULL, NULL, 5, NULL, NULL, NULL, 'fourth_stellation_of_icosahedron.png', 3, 29, NULL),
(42, 'Пятая звёздчатая форма икосаэдра', 'Fifth stellation of icosahedron', NULL, NULL, 5, NULL, NULL, NULL, 'fifth_stellation_of_icosahedron.png', 3, 30, NULL),
(43, 'Шестая звёздчатая форма икосаэдра', 'Sixth stellation of icosahedron', NULL, NULL, 5, NULL, NULL, NULL, 'sixth_stellation_of_icosahedron.png', 3, 31, NULL),
(44, 'Седьмая звёздчатая форма икосаэдра', 'Seventh stellation of icosahedron', NULL, NULL, 5, NULL, NULL, NULL, 'seventh_stellation_of_icosahedron.png', 3, 32, NULL),
(45, 'Восьмая звёздчатая форма икосаэдра', 'Eighth stellation of icosahedron', NULL, NULL, 5, NULL, NULL, NULL, 'eighth_stellation_of_icosahedron.png', 3, 33, NULL),
(46, 'Десятая звёздчатая форма икосаэдра', 'Tenth stellation of icosahedron', NULL, NULL, 5, NULL, NULL, NULL, 'tenth_stellation_of_icosahedron.png', 3, 35, NULL),
(47, 'Одиннадцатая звёздчатая форма икосаэдра', 'Eleventh stellation of icosahedron', NULL, NULL, 5, NULL, NULL, NULL, 'eleventh_stellation_of_icosahedron.png', 3, 36, NULL),
(48, 'Двенадцатая звёздчатая форма икосаэдра', 'Twelfth stellation of icosahedron', NULL, NULL, 5, NULL, NULL, NULL, 'twelfth_stellation_of_icosahedron.png', 3, 37, NULL),
(49, 'Тринадцатая звёздчатая форма икосаэдра', 'Thirteenth stellation of icosahedron', NULL, NULL, 5, NULL, NULL, NULL, 'thirteenth_stellation_of_icosahedron.png', 3, 38, NULL),
(50, 'Четырнадцатая звёздчатая форма икосаэдра', 'Fourteenth stellation of icosahedron', NULL, NULL, 5, NULL, NULL, NULL, 'fourteenth_stellation_of_icosahedron.png', 3, 39, NULL),
(51, 'Пятнадцатая звёздчатая форма икосаэдра', 'Fifteenth stellation of icosahedron', NULL, NULL, 5, NULL, NULL, NULL, 'fifteenth_stellation_of_icosahedron.png', 3, 40, NULL),
(52, 'Ехиднаэдр', 'Final stellation of the icosahedron', 'Завершающая (семнадцатая) звёздчатая форма икосаэдра', 'Final (Seventeenth) stellation of the icosahedron', 5, 20, 90, 60, 'seventeenth_stellation_of_icosahedron.png', 3, 42, NULL),
(53, 'Соединение куба и октаэдра', 'Compound of cube andoctahedron', 'Первая звёздчатая форма кубооктаэдра', 'First stellation of cuboctahedron', 5, 14, 24, 14, 'first_stellation_of_cuboctahedron.png', 2, 43, NULL),
(54, 'Вторая звёздчатая форма кубооктаэдра', 'Second stellation of cuboctahedron', NULL, NULL, 5, NULL, NULL, NULL, 'second_stellation_of_cuboctahedron.png', 2, 44, NULL),
(55, 'Третья звёздчатая форма кубооктаэдра', 'Third stellation of cuboctahedron', NULL, NULL, 5, NULL, NULL, NULL, 'third_stellation_of_cuboctahedron.png', 2, 45, NULL),
(56, 'Четвёртая звёздчатая форма кубооктаэдра', 'Fourth stellation of cuboctahedron', NULL, NULL, 5, NULL, NULL, NULL, 'fourth_stellation_of_cuboctahedron.png', 2, 46, NULL),
(57, 'Соединение додекаэдра и икосаэдра', 'Compound of dodecahedronand icosahedron', 'Первая звёздчатая форма икосододекаэдра', 'First stellation of icosidodecahedron', 5, 32, 60, 32, 'dodecahedron_icosahedron_compound.svg', 3, 47, NULL),
(58, 'Вторая звёздчатая форма икосододекаэдра', 'Second stellation of icosidodecahedron', NULL, NULL, 5, NULL, NULL, NULL, 'second_stellation_of_icosidodecahedron.png', 3, 48, NULL),
(59, 'Третья звёздчатая формаикосододекаэдра', 'Third stellation of icosidodecahedron', NULL, NULL, 5, NULL, NULL, NULL, 'third_stellation_of_icosidodecahedron.png', 3, 49, NULL),
(60, 'Соединение малого звёздчатого додекаэдра и триакисикосаэдра', 'Compound of small stellateddodecahedron and triakis icosahedron', 'Четвёртая звёздчатая форма икосододекаэдра', 'Fourth stellation of icosidodecahedron', 5, NULL, NULL, NULL, 'fourth_stellation_of_icosidodecahedron.png', 3, 50, NULL),
(61, 'Соединение малого звёздчатого додекаэдра и пяти октаэдров', 'Compound of small stellated dodecahedron and five octahedra', 'Пятая звёздчатая форма икосододекаэдра', 'Fifth stellation of icosidodecahedron', 5, NULL, NULL, NULL, 'fifth_stellation_of_icosidodecahedron.png', 3, 51, NULL),
(62, 'Шестая звёздчатая форма икосододекаэдра', 'Sixth stellation of icosidodecahedron', NULL, NULL, 5, NULL, NULL, NULL, 'sixth_stellation_of_icosidodecahedron.png', 3, 52, NULL),
(63, 'Седьмая звёздчатая форма икосододекаэдра', 'Seventh stellation of icosidodecahedron', NULL, NULL, 5, NULL, NULL, NULL, 'seventh_stellation_of_icosidodecahedron.png', 3, 53, NULL),
(64, 'Соединение пяти тетраэдров и большого додекаэдра', 'Compound of five tetrahedra and great dodecahedron', 'Восьмая звёздчатая форма икосододекаэдра', 'Eighth stellation of icosidodecahedron', 5, NULL, NULL, NULL, 'eighth_stellation_of_icosidodecahedron.png', 3, 54, NULL),
(65, 'Девятая звёздчатая форма икосододекаэдра', 'Ninth stellation of icosidodecahedron', NULL, NULL, 5, NULL, NULL, NULL, 'ninth_stellation_of_icosidodecahedron.png', 3, 55, NULL),
(66, 'Десятая звёздчатая форма икосододекаэдра', 'Tenth stellation of icosidodecahedron', NULL, NULL, 5, NULL, NULL, NULL, 'tenth_stellation_of_icosidodecahedron.png', 3, 56, NULL),
(67, 'Одиннадцатая звёздчатая форма икосододекаэдра', 'Eleventh stellation of icosidodecahedron', NULL, NULL, 5, NULL, NULL, NULL, 'eleventh_stellation_of_icosidodecahedron.png', 3, 57, NULL),
(68, 'Двенадцатая звёздчатая форма икосододекаэдра', 'Twelfth stellation of icosidodecahedron', NULL, NULL, 5, NULL, NULL, NULL, 'twelfth_stellation_of_icosidodecahedron.png', 3, 58, NULL),
(69, 'Тринадцатая звёздчатая форма икосододекаэдра', 'Thirteenth stellation of icosidodecahedron', NULL, NULL, 5, NULL, NULL, NULL, 'thirteenth_stellation_of_icosidodecahedron.png', 3, 59, NULL),
(70, 'Четырнадцатая звёздчатая форма икосододекаэдра', 'Fourteenth stellation of icosidodecahedron', NULL, NULL, 5, NULL, NULL, NULL, 'fourteenth_stellation_of_icosidodecahedron.png', 3, 60, NULL),
(71, 'Соединение большого звёздчатого додекаэдра и большого икосаэдра', 'Compound of great stellated dodecahedron and great icosahedron', NULL, NULL, 5, 32, 60, 32, 'second_compound_stellation_of_icosidecahedron.png', 3, 61, NULL),
(72, 'Пятнадцатая звёздчатая форма икосододекаэдра', 'Fifteenth stellation of icosidodecahedron', NULL, NULL, 5, NULL, NULL, NULL, 'fifteenth_stellation_of_icosidodecahedron.png', 3, 62, NULL),
(73, 'Шестнадцатая звёздчатая форма икосододекаэдра', 'Sixteenth stellation of icosidodecahedron', NULL, NULL, 5, NULL, NULL, NULL, 'sixteenth_stellation_of_icosidodecahedron.png', 3, 63, NULL),
(74, 'Семнадцатая звёздчатая форма икосододекаэдра', 'Seventeenth stellation of icosidodecahedron', NULL, NULL, 5, NULL, NULL, NULL, 'seventeenth_stellation_of_icosidodecahedron.png', 3, 64, NULL),
(75, 'Восемнадцатая звёздчатая форма икосододекаэдра', 'Eighteenth stellation of icosidodecahedron', NULL, NULL, 5, NULL, NULL, NULL, 'eighteenth_stellation_of_icosidodecahedron.png', 3, 65, NULL),
(76, 'Девятнадцатая звёздчатая форма икосододекаэдра', 'Nineteenth stellation of icosidodecahedron', NULL, NULL, 5, NULL, NULL, NULL, 'nineteenth_stellation_of_icosidodecahedron.png', 3, 66, NULL),
(77, 'Тетрагемигексаэдр', 'Tetrahemihexahedron', NULL, NULL, 7, 7, 12, 6, 'tetrahemihexahedron.svg', 1, 67, 130),
(78, 'Октагемиоктаэдр', 'Octahemioctahedron', NULL, NULL, 7, 12, 24, 12, 'octahemioctahedron.svg', 2, 68, 131),
(79, 'Малый кубокубооктаэдр', 'Small cubicuboctahedron', NULL, NULL, 7, 20, 48, 24, 'small_cubicuboctahedron.svg', 2, 69, 132),
(80, 'Малый битригональный икосододекаэдр', 'Small ditrigonal icosidodecahedron', NULL, NULL, 7, 32, 60, 20, 'small_ditrigonal_icosidodecahedron.svg', 3, 70, 133),
(81, 'Малый икосоикосододекаэдр', 'Small icosicosidodecahedron', NULL, NULL, 7, 52, 120, 60, 'small_icosicosidodecahedron.svg', 3, 71, 134),
(82, 'Малый додекоикосододекаэдр', 'Small dodecicosidodecahedron', NULL, NULL, 7, 44, 120, 60, 'small_dodecicosidodecahedron.svg', 3, 72, 135),
(83, 'Додекододекаэдр', 'Dodecadodecahedron', NULL, NULL, 7, 24, 60, 30, 'dodecadodecahedron.svg', 3, 73, 136),
(84, 'Малый ромбододекаэдр', 'Small rhombidodecahedron', NULL, NULL, 7, 42, 120, 60, 'small_rhombidodecahedron.svg', 3, 74, 137),
(85, 'Усечённый большой додекаэдр', 'Truncated great dodecahedron', NULL, NULL, 7, 24, 90, 60, 'truncated_great_dodecahedron.svg', 3, 75, 138),
(86, 'Ромбододекододекаэдр', 'Rhombidodecadodecahedron', NULL, NULL, 7, 54, 120, 60, 'rhombidodecadodecahedron.svg', 3, 76, 139),
(87, 'Большой кубокубооктаэдр', 'Great cubicuboctahedron', NULL, NULL, 7, 20, 48, 24, 'great_cubicuboctahedron.svg', 2, 77, 140),
(88, 'Кубогемиоктаэдр', 'Cubohemioctahedron', NULL, NULL, 7, 10, 24, 12, 'cubohemioctahedron.svg', 2, 78, 141),
(89, 'Кубоусечённый кубооктаэдр', 'Cubitruncated cuboctahedron', 'Кубооктаусечённый кубооктаэдр', 'Cuboctatruncatedcuboctahedron', 7, 20, 72, 48, 'cubitruncated_cuboctahedron.svg', 2, 79, 142),
(90, 'Битригональный додекаэдр', 'Ditrigonal dodecadodecahedron', NULL, NULL, 7, 24, 60, 20, 'ditrigonal_dodecadodecahedron.svg', 3, 80, 143),
(91, 'Большой битригональный додекоикосододекаэдр', 'Great ditrigonal dodecicosidodecahedron', NULL, NULL, 7, 44, 120, 60, 'great_ditrigonal_dodecicosidodecahedron.svg', 3, 81, 144),
(92, 'Малый битригональный додекоикосододекаэдр', 'Small ditrigonal dodecicosidodecahedron', NULL, NULL, 7, 44, 120, 60, 'small_ditrigonal_dodecicosidodecahedron.svg', 3, 82, 145),
(93, 'Икосододекододекаэдр', 'Icosidodecadodecahedron', NULL, NULL, 7, 44, 120, 60, 'icosidodecadodecahedron.svg', 3, 83, 146),
(94, 'Икосоусечённый додекододекаэдр', 'Icositruncated dodecadodecahedron', 'Икосододекоусечённый икосододекаэдр', 'Icosidodecatruncated icosidodecahedron', 7, 44, 180, 120, 'icositruncated_dodecadodecahedron.svg', 3, 84, 147),
(95, 'Невыпуклый большой ромбокубооктаэдр', 'Nonconvex great rhombicuboctahedron', 'Квазиромбокубооктаэдр', 'Quasirhombicuboctahedron', 7, 26, 48, 24, 'uniform_great_rhombicuboctahedron.svg', 2, 85, 148),
(96, 'Малый ромбогексаэдр', 'Small rhombihexahedron', NULL, NULL, 7, 18, 48, 25, 'small_rhombihexahedron.svg', 2, 86, 149),
(97, 'Большой битригональный икосододекаэдр', 'Great ditrigonal icosidodecahedron', NULL, NULL, 7, 32, 60, 20, 'great_ditrigonal_icosidodecahedron.svg', 3, 87, 150),
(98, 'Большой икосоикосододекаэдр', 'Great icosicosidodecahedron', NULL, NULL, 7, 52, 120, 60, 'great_icosicosidodecahedron.png', 3, 88, 151),
(99, 'Малый икосогемидодекаэдр', 'Small icosihemidodecahedron', NULL, NULL, 7, 26, 60, 30, 'small_icosihemidodecahedron.svg', 3, 89, 152),
(100, 'Малый додекоикосаэдр', 'Small dodecicosahedron', NULL, NULL, 7, 32, 120, 60, 'small_dodecicosahedron.svg', 3, 90, 153),
(101, 'Малый додекогемидодекаэдр', 'Small dodecahemidodecahedron', NULL, NULL, 7, 18, 60, 30, 'small_dodecahemidodecahedron.svg', 3, 91, 154),
(102, 'Звёздчатый усечённый гексаэдр', 'Stellated truncated hexahedron', 'Квазиусечённый гексаэдр', 'Quasitruncated hexahedron', 7, 14, 36, 24, 'stellated_truncated_hexahedron.svg', 2, 92, 155),
(103, 'Большой усечённый кубооктаэдр', 'Great truncated cuboctahedron', 'Квазиусечённый кубооктаэдр', 'Quasitruncated cuboctahedron', 7, 26, 72, 48, 'great_truncated_cuboctahedron.svg', 2, 93, 156),
(104, 'Большой икосододекаэдр', 'Great icosidodecahedron', NULL, NULL, 7, 32, 60, 30, 'great_icosidodecahedron.svg', 3, 94, 157),
(105, 'Усечённый большой икосаэдр', 'Truncated great icosahedron', NULL, NULL, 7, 32, 90, 60, 'great_truncated_icosahedron.png', 3, 95, 158),
(106, 'Ромбоикосаэдр', 'Rhombicosahedron', NULL, NULL, 7, 50, 120, 60, 'rhombicosahedron.svg', 3, 96, 159),
(107, 'Малый звёздчатый усечённый додекаэдр', 'Small stellated truncated dodecahedron', 'Квазиусечённый звёздчатый додекаэдр', 'Quasitruncated small stellateddodecahedron', 7, 24, 90, 60, 'small_stellated_truncated_dodecahedron.svg', 3, 97, 160),
(108, 'Усечённый додекадодекаэдр', 'Truncated dodecadodecahedron', 'Квазиусечённый додекаэдр', 'Quasitruncated dodecahedron', 7, 54, 180, 120, 'truncated_dodecadodecahedron.png', 3, 98, 161),
(109, 'Большой додекоикосододекаэдр', 'Great dodecicosidodecahedron', NULL, NULL, 7, 44, 120, 60, 'great_dodecicosidodecahedron.png', 3, 99, 162),
(110, 'Малый додекогемиикосаэдр', 'Small dodecahemicosahedron', NULL, NULL, 7, 22, 60, 30, 'small_dodecahemicosahedron.svg', 3, 100, 163),
(111, 'Большой додекоикосаэдр', 'Great dodecicosahedron', NULL, NULL, 7, 32, 120, 60, 'great_dodecicosahedron.svg', 3, 101, 164),
(112, 'Большой додекогемиикосаэдр', 'Great dodecahemicosahedron', NULL, NULL, 7, 22, 60, 30, 'great_dodecahemicosahedron.svg', 3, 102, 165),
(113, 'Большой ромбогексаэдр', 'Great rhombihexahedron', NULL, NULL, 7, 18, 48, 24, 'great_rhombihexahedron.svg', 2, 103, 166),
(114, 'Большой звёздчатый усечённый додекаэдр', 'Great stellated truncated dodecahedron', 'Квазиусечённый большой звёздчатый додекаэдр', 'Quasitruncated great stellateddodecahedron', 7, 32, 90, 60, 'great_stellated_truncated_dodecahedron.png', 3, 104, 167),
(115, 'Невыпуклый большой ромбоикосододекаэдр', 'Nonconvex great rhombicosidodecahedron', 'Квазиромбоикосододекаэдр', 'Quasirhombicosidodecahedron', 7, 62, 120, 60, 'uniform_great_rhombicosidodecahedron.png', 3, 105, 168),
(116, 'Большой икосогемидодекаэдр', 'Great icosihemidodecahedron', NULL, NULL, 7, 26, 60, 30, 'great_icosihemidodecahedron.svg', 3, 106, 169),
(117, 'Большой додекогемидодекаэдр', 'Great dodecahemidodecahedron', NULL, NULL, 7, 18, 60, 30, 'great_dodecahemidodecahedron.svg', 3, 107, 170),
(118, 'Большой усечённый икосододекаэдр', 'Great truncated icosidodecahedron', 'Большой квазиусечённый икосододекаэдр', 'Great quasitruncated icosidodecahedron', 7, 62, 180, 120, 'great_truncated_icosidodecahedron.png', 3, 108, 171),
(119, 'Большой ромбододекаэдр', 'Great rhombidodecahedron', NULL, NULL, 7, 42, 120, 60, 'great_rhombidodecahedron.png', 3, 109, 172),
(120, 'Малый плосконосый икосоикосододекаэдр', 'Small snub icosicosidodecahedron', NULL, NULL, 7, 112, 180, 60, 'small_snub_icosicosidodecahedron.svg', 3, 110, 173),
(121, 'Плосконосый додекододекаэдр', 'Snub dodecadodecahedron', NULL, NULL, 7, 84, 150, 60, 'snub_dodecadodecahedron.svg', 3, 111, 174),
(122, 'Плосконосый икосододекододекаэдр', 'Snub icosidodecadodecahedron', NULL, NULL, 7, 104, 180, 60, 'snub_icosidodecadodecahedron.png', 3, 112, 175),
(123, 'Большой вывернутый плосконосый икосододекаэдр', 'Great inverted snub icosidodecahedron', NULL, NULL, 7, 92, 150, 60, 'great_inverted_snub_icosidodecahedron.png', 3, 113, 176),
(124, 'Вывернутый плосконосый додекододекаэдр', 'Inverted snub dodecadodecahedron', NULL, NULL, 7, 84, 150, 60, 'inverted_snub_dodecadodecahedron.png', 3, 114, 177),
(125, 'Большой плосконосый додекоикосододекаэдр', 'Great snub dodecicosidodecahedron', NULL, NULL, 7, 104, 180, 60, 'great_snub_dodecicosidodecahedron.png', 3, 115, 178),
(126, 'Большой плосконосый икосододекаэдр', 'Great snub icosidodecahedron', NULL, NULL, 7, 92, 150, 60, 'great_snub_icosidodecahedron.png', 3, 116, 179),
(127, 'Большой вывернутый обратно плосконосый икосододекаэдр', 'Great retrosnub icosidodecahedron', NULL, NULL, 7, 92, 150, 60, 'great_retrosnub_icosidodecahedron.png', 3, 117, 180),
(128, 'Малый вывернутый обратно плосконосый икосоикосододекаэдр', 'Small retrosnub icosicosidodecahedron', NULL, NULL, 7, 112, 60, 180, 'small_retrosnub_icosicosidodecahedron.png', 3, 118, 181),
(129, 'Большой биромбоикосододекаэдр', 'Great dirhombicosidodecahedron', NULL, NULL, 7, 124, 240, 60, 'great_dirhombicosidodecahedron.png', 3, 119, 182),
(130, 'Тетрагемигексакрон', 'Tetrahemihexacron', NULL, NULL, 8, 6, 12, 7, 'tetrahemihexacron.svg', 1, NULL, 77),
(131, 'Октагемиоктакрон', 'Octahemioctacron', NULL, NULL, 8, 12, 24, 12, 'octahemioctacron.svg', 2, NULL, 78),
(132, 'Малый гексакронный икосотетраэдр', 'Small hexacronic icositetrahedron', NULL, NULL, 8, 24, 48, 20, 'small_hexacronic_icositetrahedron.svg', 2, NULL, 79),
(133, 'Малый триамбический икосаэдр', 'Small triambic icosahedron', NULL, NULL, 8, 20, 60, 32, 'small_triambic_icosahedron.svg', 3, 26, 80),
(134, 'Малый икосакронный гексаконтаэдр', 'Small icosacronic hexecontahedron', NULL, NULL, 8, 60, 120, 52, 'small_icosacronic_hexecontahedron.svg', 3, NULL, 81),
(135, 'Малый додекакронный гексаконтаэдр', 'Small dodecacronic hexecontahedron', NULL, NULL, 8, 60, 120, 44, 'small_dodecacronic_hexecontahedron.svg', 3, NULL, 82),
(136, 'Средний ромбический триаконтаэдр', 'Medial rhombic triacontahedron', NULL, NULL, 8, 30, 60, 24, 'medial_rhombic_triacontahedron.svg', 3, NULL, 83),
(137, 'Малый ромбододекакрон', 'Small rhombidodecacron', NULL, NULL, 8, 60, 120, 42, 'small_rhombidodecacron.png', 3, NULL, 84),
(138, 'Малый звёздчатый пентакисдодекаэдр', 'Small stellapentakis dodecahedron', NULL, NULL, 8, 60, 90, 24, 'small_stellapentakis_dodecahedron.svg', 3, NULL, 85),
(139, 'Средний дельтоидный гексаконтаэдр', 'Medial deltoidal hexecontahedron', NULL, NULL, 8, 60, 120, 54, 'medial_deltoidal_hexecontahedron.svg', 3, NULL, 86),
(140, 'Большой гексакронный икосотетраэдр', 'Great hexacronic icositetrahedron', NULL, NULL, 8, 24, 48, 20, 'great_hexacronic_icositetrahedron.png', 2, NULL, 87),
(141, 'Гексагемиоктакрон', 'Hexahemioctacron', NULL, NULL, 8, 12, 24, 10, 'hexahemioctacron.svg', 2, NULL, 88),
(142, 'Тетрадиакисгексаэдр', 'Tetradyakis hexahedron', NULL, NULL, 8, 48, 72, 20, 'tetradyakis_hexahedron.svg', 2, NULL, 89),
(143, 'Средний триамбикикосаэдр', 'Medial triambic icosahedron', NULL, NULL, 8, 20, 60, 24, 'medial_triambic_icosahedron.svg', 3, NULL, 90),
(144, 'Большой битриагональный додекакронный гексаконтаэдр', 'Great ditrigonal dodecacronic hexecontahedron', NULL, NULL, 8, 60, 120, 44, 'great_ditrigonal_dodecacronic_hexecontahedron.svg', 3, NULL, 91),
(145, 'Малый битриагональный додекакронный гексаконтаэдр', 'Small ditrigonal dodecacronic hexecontahedron', NULL, NULL, 8, 60, 120, 44, 'small_ditrigonal_dodecacronic_hexecontahedron.png', 3, NULL, 92),
(146, 'Средний икосакронный гексаконтаэдр', 'Medial icosacronic hexecontahedron', NULL, NULL, 8, 60, 120, 44, 'medial_icosacronic_hexecontahedron.png', 3, NULL, 93),
(147, 'Тридиакисикосаэдр', 'Tridyakis icosahedron', NULL, NULL, 8, 120, 180, 44, 'tridyakis_icosahedron.svg', 3, NULL, 94),
(148, 'Большой дельтоидный икосотетраэдр', 'Great deltoidal icositetrahedron', NULL, NULL, 8, 24, 48, 26, 'great_strombic_icositetrahedron.png', 2, NULL, 95),
(149, 'Малый ромбогексакрон', 'Small rhombihexacron', NULL, NULL, 8, 24, 48, 18, 'small_rhombihexacron.svg', 2, NULL, 96),
(150, 'Большой триамбикикосаэдр', 'Great triambic icosahedron', 'Девятая звёздчатая форма икосаэдра', 'Ninth stellation of icosahedron', 8, 20, 60, 32, 'great_triambic_icosahedron.svg', 3, 34, 97),
(151, 'Большой икосакронный гексаконтаэдр', 'Great icosacronic hexecontahedron', NULL, NULL, 8, 60, 120, 52, 'great_icosacronic_hexecontahedron.svg', 3, NULL, 98),
(152, 'Малый икосогемидодекакрон', 'Small icosihemidodecacron', NULL, NULL, 8, 30, 60, 26, 'small_icosihemidodecacron.png', 3, NULL, 99),
(153, 'Малый додекоикосакрон', 'Small dodecicosacron', NULL, NULL, 8, 60, 120, 32, 'small_dodecicosacron.svg', 3, NULL, 100),
(154, 'Малый додекогемидодекакрон', 'Small dodecahemidodecacron', NULL, NULL, 8, 30, 60, 18, 'small_dodecahemidodecacron.svg', 3, NULL, 101),
(155, 'Большой триакисоктаэдр', 'Great triakis octahedron', NULL, NULL, 8, 24, 36, 14, 'great_triakis_octahedron.svg', 2, NULL, 102),
(156, 'Большой дисдиакисдодекаэдр', 'Great disdyakis dodecahedron', NULL, NULL, 8, 48, 72, 26, 'great_disdyakis_dodecahedron.svg', 2, NULL, 103),
(157, 'Большой ромбический тридцатигранник', 'Great rhombic triacontahedron', NULL, NULL, 8, 30, 60, 32, 'great_rhombic_triacontahedron.svg', 3, NULL, 104),
(158, 'Большой звёздчатый пентакисдодекаэдр', 'Great stella pentakis dodecahedron', NULL, NULL, 8, 60, 90, 32, 'great_stellapentakis_dodecahedron.png', 3, NULL, 105),
(159, 'Ромбоикоакрон', 'Rhombicosacron', NULL, NULL, 8, 60, 120, 50, 'rhombicosacron.svg', 3, NULL, 106),
(160, 'Большой пентакисдодекаэдр', 'Great pentakis dodecahedron', NULL, NULL, 8, 60, 90, 24, 'great_pentakis_dodecahedron.svg', 3, NULL, 107),
(161, 'Средний дисдиакистриаконтаэдр', 'Medial disdyakis triacontahedron', NULL, NULL, 8, 120, 180, 54, 'medial_disdyakis_triacontahedron.png', 3, NULL, 108),
(162, 'Большой додекакроникгексаконтаэдр', 'Great dodecacronic hexecontahedron', NULL, NULL, 8, 60, 120, 44, 'great_dodecacronic_hexecontahedron.svg', 3, NULL, 109),
(163, 'Малый додекогемиикосакрон', 'Small dodecahemicosacron', NULL, NULL, 8, 30, 60, 22, 'small_dodecahemicosacron.png', 3, NULL, 110),
(164, 'Большой додекоикосакрон', 'Great dodecicosacron', NULL, NULL, 8, 60, 120, 32, 'great_dodecicosacron.png', 3, NULL, 111),
(165, 'Большой додекогемиикосакрон', 'Great dodecahemicosacron', NULL, NULL, 8, 30, 60, 22, 'great_dodecahemicosacron.svg', 3, NULL, 112),
(166, 'Большой ромбогексакрон', 'Great rhombihexacron', NULL, NULL, 8, 24, 48, 18, 'great_rhombihexacron.svg', 2, NULL, 113),
(167, 'Большой триакисикосаэдр', 'Great triakis icosahedron', NULL, NULL, 8, 60, 90, 32, 'great_triakis_icosahedron.svg', 3, NULL, 114),
(168, 'Большой дельтоидальный гексаконтаэдр', 'Great deltoidal hexecontahedron', NULL, NULL, 8, 60, 120, 62, 'great_deltoidal_hexecontahedron.svg', 3, NULL, 115),
(169, 'Большой икосогемидодекакрон', 'Great icosihemidodecacron', NULL, NULL, 8, 30, 60, 26, 'great_icosihemidodecacron.png', 3, NULL, 116),
(170, 'Большой додекогемидодекакрон', 'Great dodecahemidodecacron', NULL, NULL, 8, 30, 60, 18, 'great_dodecahemidodecacron.png', 3, NULL, 117),
(171, 'Большой дисдиакистриаконтаэдр', 'Great disdyakis triacontahedron', NULL, NULL, 8, 120, 180, 62, 'great_disdyakis_triacontahedron.svg', 3, NULL, 118),
(172, 'Большой ромбододекакрон', 'Great rhombidodecacron', NULL, NULL, 8, 60, 120, 42, 'great_rhombidodecacron.svg', 3, NULL, 119),
(173, 'Малый шестиугольный гексаконтаэдр', 'Small hexagonal hexecontahedron', NULL, NULL, 8, 60, 180, 112, 'small_hexagonal_hexecontahedron.svg', 3, NULL, 120),
(174, 'Средний пятиугольныйгексаконтаэдр', 'Medial pentagonal hexecontahedron', NULL, NULL, 8, 60, 150, 84, 'medial_pentagonal_hexecontahedron.svg', 3, NULL, 121),
(175, 'Средний шестиугольный гексаконтаэдр', 'Medial hexagonal hexecontahedron', NULL, NULL, 8, 60, 180, 104, 'medial_hexagonal_hexecontahedron.png', 3, NULL, 122),
(176, 'Большой вывернутый пятиугольный гексаконтаэдр', 'Great inverted pentagonal hexecontahedron', NULL, NULL, 8, 60, 150, 92, 'great_inverted_pentagonal_hexecontahedron.png', 3, NULL, 123),
(177, 'Средний вывернутый пятиугольный гексаконтаэдр', 'Medial inverted pentagonal hexecontahedron', NULL, NULL, 8, 60, 150, 84, 'medial_inverted_pentagonal_hexecontahedron.svg', 3, NULL, 124),
(178, 'Большой шестиугольный гексаконтаэдр', 'Great hexagonal hexecontahedron', NULL, NULL, 8, 60, 180, 104, 'great_hexagonal_hexecontahedron.png', 3, NULL, 125),
(179, 'Большой пятиугольный гексаконтаэдр', 'Great pentagonal hexecontahedron', NULL, NULL, 8, 60, 150, 92, 'great_pentagonal_hexecontahedron.svg', 3, NULL, 126),
(180, 'Большой пентаграммный гексаконтаэдр', 'Great pentagrammic hexecontahedron', NULL, NULL, 8, 60, 150, 92, 'great_pentagrammic_hexecontahedron.png', 3, NULL, 127),
(181, 'Малый гексаграммный гексаконтаэдр', 'Small hexagrammic hexecontahedron', NULL, NULL, 8, 60, 180, 112, 'small_hexagrammic_hexecontahedron.png', 3, NULL, 128),
(182, 'Большой биромбоикосододекрон', 'Great dirhombicosidodecacron', NULL, NULL, 8, 60, 240, 124, 'great_dirhombicosidodecacron.png', 3, NULL, 129),
(183, 'Квадратная пирамида', 'Square Pyramid', NULL, NULL, 6, 5, 8, 5, 'square_pyramid.svg', NULL, NULL, 183),
(184, 'Пятиугольная пирамида', 'Pentagonal Pyramid', NULL, NULL, 6, 6, 10, 6, 'pentagonal_pyramid.svg', NULL, NULL, 184),
(185, 'Трёхскатный купол', 'Triangular Cupola', NULL, NULL, 6, 8, 15, 9, 'triangular_cupola.svg', NULL, NULL, NULL),
(186, 'Четырёхскатный купол', 'Square Cupola', NULL, NULL, 6, 10, 20, 12, 'square_cupola.svg', NULL, NULL, NULL),
(187, 'Пятискатный купол', 'Pentagonal Cupola', NULL, NULL, 6, 12, 25, 15, 'pentagonal_cupola.svg', NULL, NULL, NULL),
(188, 'Пятискатная ротонда', 'Pentagonal Rotunda', NULL, NULL, 6, 17, 35, 20, 'pentagonal_rotunda.svg', NULL, NULL, NULL),
(189, 'Удлинённая треугольная пирамида', 'Elongated Triangular Pyramid', NULL, NULL, 6, 7, 12, 7, 'elongated_triangular_pyramid.svg', NULL, NULL, NULL),
(190, 'Удлинённая четырёхугольная пирамида', 'Elongated Square Pyramid', NULL, NULL, 6, 9, 16, 9, 'elongated_square_pyramid.svg', NULL, NULL, NULL),
(191, 'Удлинённая пятиугольная пирамида', 'Elongated Pentagonal Pyramid', NULL, NULL, 6, 11, 20, 11, 'elongated_pentagonal_pyramid.svg', NULL, NULL, NULL),
(192, 'Скрученно удлинённая четырёхугольная пирамида', 'Gyroelongated Square Pyramid', NULL, NULL, 6, 13, 20, 9, 'gyroelongated_square_pyramid.svg', NULL, NULL, NULL),
(193, 'Скрученно удлинённая пятиугольная пирамида', 'Gyroelongated Pentagonal Pyramid', NULL, NULL, 6, 16, 25, 11, 'gyroelongated_pentagonal_pyramid.svg', NULL, NULL, NULL),
(194, 'Треугольная бипирамида', 'Triangular Dipyramid', NULL, NULL, 6, 6, 9, 5, 'triangular_dipyramid.svg', NULL, NULL, 275),
(195, 'Пятиугольная бипирамида', 'Pentagonal Dipyramid', NULL, NULL, 6, 10, 15, 7, 'pentagonal_dipyramid.svg', NULL, NULL, 276),
(196, 'Удлинённая треугольная бипирамида', 'Elongated Triangular Dipyramid', NULL, NULL, 6, 9, 15, 8, 'elongated_triangular_dipyramid.svg', NULL, NULL, NULL),
(197, 'Удлинённая четырёхугольная бипирамида', 'Elongated Square Dipyramid', NULL, NULL, 6, 12, 20, 10, 'elongated_square_dipyramid.svg', NULL, NULL, NULL),
(198, 'Удлинённая пятиугольная бипирамида', 'Elongated Pentagonal Dipyramid', NULL, NULL, 6, 15, 25, 12, 'elongated_pentagonal_dipyramid.svg', NULL, NULL, NULL),
(199, 'Скрученно удлинённая четырёхугольная бипирамида', 'Gyroelongated Square Dipyramid', NULL, NULL, 6, 16, 24, 10, 'gyroelongated_square_dipyramid.svg', NULL, NULL, NULL),
(200, 'Удлинённый трёхскатный купол', 'Elongated Triangular Cupola', NULL, NULL, 6, 14, 27, 15, 'elongated_triangular_cupola.svg', NULL, NULL, NULL),
(201, 'Удлинённый четырёхскатный купол', 'Elongated Square Cupola', NULL, NULL, 6, 18, 36, 20, 'elongated_square_cupola.svg', NULL, NULL, NULL),
(202, 'Удлинённый пятискатный купол', 'Elongated Pentagonal Cupola', NULL, NULL, 6, 22, 45, 25, 'elongated_pentagonal_cupola.svg', NULL, NULL, NULL),
(203, 'Удлинённая пятискатная ротонда', 'Elongated Pentagonal Rotunda', NULL, NULL, 6, 27, 55, 30, 'elongated_pentagonal_rotunda.svg', NULL, NULL, NULL),
(204, 'Скрученно удлинённый трёхскатный купол', 'Gyroelongated Triangular Cupola', NULL, NULL, 6, 20, 33, 15, 'gyroelongated_triangular_cupola.svg', NULL, NULL, NULL),
(205, 'Скрученно удлинённый четырёхскатный купол', 'Gyroelongated Square Cupola', NULL, NULL, 6, 26, 44, 20, 'gyroelongated_square_cupola.svg', NULL, NULL, NULL),
(206, 'Скрученно удлинённый пятискатный купол', 'Gyroelongated Pentagonal Cupola', NULL, NULL, 6, 32, 55, 25, 'gyroelongated_pentagonal_cupola.svg', NULL, NULL, NULL),
(207, 'Скрученно удлинённая пятискатная ротонда', 'Gyroelongated Pentagonal Rotunda', NULL, NULL, 6, 37, 65, 30, 'gyroelongated_pentagonal_rotunda.svg', NULL, NULL, NULL),
(208, 'Трёхскатный прямой бикупол', 'Triangular Orthobicupola', NULL, NULL, 6, 14, 24, 12, 'triangular_orthobicupola.svg', NULL, NULL, NULL),
(209, 'Четырёхскатный прямой бикупол', 'Square Orthobicupola', NULL, NULL, 6, 18, 32, 16, 'square_orthobicupola.svg', NULL, NULL, NULL),
(210, 'Пятискатный прямой бикупол', 'Pentagonal Orthobicupola', NULL, NULL, 6, 22, 40, 20, 'pentagonal_orthobicupola.svg', NULL, NULL, NULL),
(211, 'Двускатный повёрнутый бикупол', 'Gyrobifastigium', 'Гиробифастигиум', NULL, 6, 8, 14, 8, 'gyrobifastigium.svg', NULL, NULL, NULL),
(212, 'Четырёхскатный повёрнутый бикупол', 'Square Gyrobicupola', NULL, NULL, 6, 18, 32, 16, 'square_gyrobicupola.svg', NULL, NULL, NULL),
(213, 'Пятискатный повёрнутый бикупол', 'Pentagonal Gyrobicupola', NULL, NULL, 6, 22, 40, 20, 'pentagonal_gyrobicupola.svg', NULL, NULL, NULL),
(214, 'Пятискатная прямая куполоротонда', 'Pentagonal Gyrocupolarotunda', NULL, NULL, 6, 32, 60, 30, 'pentagonal_gyrocupolarotunda.svg', NULL, NULL, NULL),
(215, 'Пятискатная повёрнутая куполоротонда', 'Pentagonal Orthocupolarotunda', NULL, NULL, 6, 27, 50, 25, 'pentagonal_orthocupolarotunda.svg', NULL, NULL, NULL),
(216, 'Пятискатная прямая биротонда', 'Pentagonal Orthobirotunda', NULL, NULL, 6, 27, 50, 25, 'pentagonal_orthobirotunda.svg', NULL, NULL, NULL),
(217, 'Удлинённый трёхскатный прямой бикупол', 'Elongated Triangular Orthobicupola', NULL, NULL, 6, 20, 36, 18, 'elongated_triangular_orthobicupola.svg', NULL, NULL, NULL),
(218, 'Удлинённый пятискатный прямой бикупол', 'Elongated Pentagonal Orthobicupola', NULL, NULL, 6, 32, 60, 30, 'elongated_pentagonal_orthobicupola.svg', NULL, NULL, NULL),
(219, 'Удлинённый трёхскатный повёрнутый бикупол', 'Elongated Triangular Gyrobicupola', NULL, NULL, 6, 20, 36, 18, 'elongated_triangular_gyrobicupola.svg', NULL, NULL, NULL),
(220, 'Удлинённый четырёхскатный повёрнутый бикупол', 'Elongated Square Gyrobicupola', NULL, NULL, 6, 26, 48, 24, 'elongated_square_gyrobicupola.svg', NULL, NULL, NULL),
(221, 'Удлинённый пятискатный повёрнутый бикупол', 'Elongated Pentagonal Gyrobicupola', NULL, NULL, 6, 32, 60, 30, 'elongated_pentagonal_gyrobicupola.svg', NULL, NULL, NULL),
(222, 'Удлинённая пятискатная прямая куполоротонда', 'Elongated Pentagonal Orthocupolarotunda', NULL, NULL, 6, 37, 70, 35, 'elongated_pentagonal_orthocupolarotunda.svg', NULL, NULL, NULL),
(223, 'Удлинённая пятискатная повёрнутая куполоротонда', 'Elongated Pentagonal Gyrocupolarotunda', NULL, NULL, 6, 37, 70, 35, 'elongated_pentagonal_gyrocupolarotunda.svg', NULL, NULL, NULL),
(224, 'Удлинённая пятискатная прямая биротонда', 'Elongated Pentagonal Orthobirotunda', NULL, NULL, 6, 42, 80, 40, 'elongated_pentagonal_orthobirotunda.svg', NULL, NULL, NULL),
(225, 'Удлинённая пятискатная повёрнутая биротонда', 'Elongated Pentagonal Gyrobirotunda', NULL, NULL, 6, 42, 80, 40, 'elongated_pentagonal_gyrobirotunda.svg', NULL, NULL, NULL),
(226, 'Скрученно удлинённый трёхскатный бикупол', 'Gyroelongated Triangular Bicupola', NULL, NULL, 6, 26, 42, 18, 'gyroelongated_triangular_bicupola.svg', NULL, NULL, NULL),
(227, 'Скрученно удлинённый четырёхскатный бикупол', 'Gyroelongated Square Bicupola', NULL, NULL, 6, 34, 56, 24, 'gyroelongated_square_bicupola.svg', NULL, NULL, NULL),
(228, 'Скрученно удлинённый пятискатный бикупол', 'Gyroelongated Pentagonal Bicupola', NULL, NULL, 6, 42, 70, 30, 'gyroelongated_pentagonal_bicupola.svg', NULL, NULL, NULL),
(229, 'Скрученно удлинённая пятискатная куполоротонда', 'Gyroelongated Pentagonal Cupolarotunda', NULL, NULL, 6, 47, 80, 35, 'gyroelongated_pentagonal_cupolarotunda.svg', NULL, NULL, NULL),
(230, 'Скрученно удлинённая пятискатная биротонда', 'Gyroelongated Pentagonal Birotunda', NULL, NULL, 6, 42, 80, 40, 'gyroelongated_pentagonal_birotunda.svg', NULL, NULL, NULL),
(231, 'Наращённая треугольная призма', 'Augmented Triangular Prism', NULL, NULL, 6, 8, 13, 7, 'augmented_triangular_prism.svg', NULL, NULL, NULL),
(232, 'Дважды наращённая треугольная призма', 'Biaugmented Triangular Prism', NULL, NULL, 6, 11, 17, 8, 'biaugmented_triangular_prism.svg', NULL, NULL, NULL),
(233, 'Трижды наращённая треугольная призма', 'Triaugmented Triangular Prism', NULL, NULL, 6, 14, 21, 9, 'triaugmented_triangular_prism.svg', NULL, NULL, NULL),
(234, 'Наращённая пятиугольная призма', 'Augmented Pentagonal Prism', NULL, NULL, 6, 10, 19, 11, 'augmented_pentagonal_prism.svg', NULL, NULL, NULL),
(235, 'Дважды наращённая пятиугольная призма', 'Biaugmented Pentagonal Prism', NULL, NULL, 6, 13, 23, 12, 'biaugmented_pentagonal_prism.svg', NULL, NULL, NULL),
(236, 'Наращённая шестиугольная призма', 'Augmented Hexagonal Prism', NULL, NULL, 6, 11, 22, 13, 'augmented_hexagonal_prism.svg', NULL, NULL, NULL),
(237, 'Дважды противоположно наращённая шестиугольная призма', 'Parabiaugmented Hexagonal Prism', NULL, NULL, 6, 14, 26, 14, 'parabiaugmented_hexagonal_prism.svg', NULL, NULL, NULL),
(238, 'Дважды косо наращённая шестиугольная призма', 'Metabiaugmented Hexagonal Prism', NULL, NULL, 6, 14, 26, 14, 'metabiaugmented_hexagonal_prism.svg', NULL, NULL, NULL),
(239, 'Трижды наращённая шестиугольная призма', 'Triaugmented Hexagonal Prism', NULL, NULL, 6, 17, 30, 15, 'triaugmented_hexagonal_prism.svg', NULL, NULL, NULL),
(240, 'Наращённый додекаэдр', 'Augmented Dodecahedron', NULL, NULL, 6, 16, 35, 21, 'augmented_dodecahedron.svg', NULL, NULL, NULL),
(241, 'Дважды противоположно наращённый додекаэдр', 'Parabiaugmented Dodecahedron', NULL, NULL, 6, 20, 40, 22, 'parabiaugmented_dodecahedron.svg', NULL, NULL, NULL),
(242, 'Дважды косо наращённый додекаэдр', 'Metabiaugmented Dodecahedron', NULL, NULL, 6, 20, 40, 22, 'metabiaugmented_dodecahedron.svg', NULL, NULL, NULL),
(243, 'Трижды наращённый додекаэдр', 'Triaugmented Dodecahedron', NULL, NULL, 6, 24, 45, 23, 'triaugmented_dodecahedron.svg', NULL, NULL, NULL),
(244, 'Дважды косо отсечённый икосаэдр', 'Metabidiminished Icosahedron', NULL, NULL, 6, 12, 20, 10, 'metabidiminished_icosahedron.svg', NULL, NULL, NULL),
(245, 'Трижды отсечённый икосаэдр', 'Tridiminished Icosahedron', NULL, NULL, 6, 8, 15, 9, 'tridiminished_icosahedron.svg', NULL, NULL, NULL),
(246, 'Наращённый трижды отсечённый икосаэдр', 'Augmented Tridiminished Icosahedron', NULL, NULL, 6, 10, 18, 10, 'augmented_tridiminished_icosahedron.svg', NULL, NULL, NULL),
(247, 'Наращённый усечённый тетраэдр', 'Augmented Truncated Tetrahedron', NULL, NULL, 6, 14, 27, 15, 'augmented_truncated_tetrahedron.svg', NULL, NULL, NULL),
(248, 'Наращённый усечённый куб', 'Augmented Truncated Cube', NULL, NULL, 6, 22, 48, 28, 'augmented_truncated_cube.svg', NULL, NULL, NULL),
(249, 'Дважды наращённый усечённый куб', 'Biaugmented Truncated Cube', NULL, NULL, 6, 30, 60, 32, 'biaugmented_truncated_cube.svg', NULL, NULL, NULL),
(250, 'Наращённый усечённый додекаэдр', 'Augmented Truncated Dodecahedron', NULL, NULL, 6, 42, 105, 65, 'augmented_truncated_dodecahedron.svg', NULL, NULL, NULL),
(251, 'Дважды противоположно наращённый усечённый додекаэдр', 'Parabiaugmented Truncated Dodecahedron', NULL, NULL, 6, 52, 120, 70, 'parabiaugmented_truncated_dodecahedron.svg', NULL, NULL, NULL),
(252, 'Дважды косо наращённый усечённый додекаэдр', 'Metabiaugmented Truncated Dodecahedron', NULL, NULL, 6, 52, 120, 70, 'metabiaugmented_truncated_dodecahedron.svg', NULL, NULL, NULL),
(253, 'Трижды наращённый усечённый додекаэдр', 'Triaugmented Truncated Dodecahedron', NULL, NULL, 6, 62, 135, 75, 'triaugmented_truncated_dodecahedron.svg', NULL, NULL, NULL),
(254, 'Скрученный ромбоикосододекаэдр', 'Gyrate Rhombicosidodecahedron', NULL, NULL, 6, 62, 120, 60, 'gyrate_rhombicosidodecahedron.svg', NULL, NULL, NULL),
(255, 'Дважды противоположно скрученный ромбоикосододекаэдр', 'Parabigyrate Rhombicosidodecahedron', NULL, NULL, 6, 62, 120, 60, 'parabigyrate_rhombicosidodecahedron.svg', NULL, NULL, NULL),
(256, 'Дважды кососкрученный ромбоикосододекаэдр', 'Metabigyrate Rhombicosidodecahedron', NULL, NULL, 6, 62, 120, 60, 'metabigyrate_rhombicosidodecahedron.svg', NULL, NULL, NULL),
(257, 'Трижды скрученный ромбоикосододекаэдр', 'Trigyrate Rhombicosidodecahedron', NULL, NULL, 6, 62, 120, 60, 'trigyrate_rhombicosidodecahedron.svg', NULL, NULL, NULL),
(258, 'Отсечённый ромбоикосододекаэдр', 'Diminished Rhombicosidodecahedron', NULL, NULL, 6, 52, 105, 55, 'diminished_rhombicosidodecahedron.svg', NULL, NULL, NULL),
(259, 'Противоположно скрученный отсечённый ромбоикосододекаэдр', 'Paragyrate Diminished Rhombicosidodecahedron', NULL, NULL, 6, 52, 105, 55, 'paragyrate_diminished_rhombicosidodecahedron.svg', NULL, NULL, NULL),
(260, 'Косо скрученный отсечённый ромбоикосододекаэдр', 'Metagyrate Diminished Rhombicosidodecahedron', NULL, NULL, 6, 52, 105, 55, 'metagyrate_diminished_rhombicosidodecahedron.svg', NULL, NULL, NULL),
(261, 'Дважды косо скрученный отсечённый ромбоикосододекаэдр', 'Bigyrate Diminished Rhombicosidodecahedron', NULL, NULL, 6, 52, 105, 55, 'bigyrate_diminished_rhombicosidodecahedron.svg', NULL, NULL, NULL),
(262, 'Дважды противоположно отсечённый ромбоикосододекаэдр', 'Parabidiminished Rhombicosidodecahedron', NULL, NULL, 6, 42, 90, 50, 'parabidiminished_rhombicosidodecahedron.svg', NULL, NULL, NULL),
(263, 'Дважды косо отсечённый ромбоикосододекаэдр', 'Metabidiminished Rhombicosidodecahedron', NULL, NULL, 6, 42, 90, 50, 'metabidiminished_rhombicosidodecahedron.svg', NULL, NULL, NULL),
(264, 'Скрученный дважды отсечённый ромбоикосододекаэдр', 'Gyrate Bidiminished Rhombicosidodecahedron', NULL, NULL, 6, 42, 90, 50, 'gyrate_bidiminished_rhombicosidodecahedron.svg', NULL, NULL, NULL),
(265, 'Трижды отсечённый ромбоикосододекаэдр', 'Tridiminished Rhombicosidodecahedron', NULL, NULL, 6, 32, 75, 45, 'tridiminished_rhombicosidodecahedron.svg', NULL, NULL, NULL),
(266, 'Плосконосый двуклиноид', 'Snub Disphenoid', NULL, NULL, 6, 12, 18, 8, 'snub_disphenoid.svg', NULL, NULL, NULL),
(267, 'Плосконосая квадратная антипризма', 'Snub Square Antiprism', NULL, NULL, 6, 26, 40, 16, 'snub_square_antiprism.svg', NULL, NULL, NULL),
(268, 'Клинокорона', 'Sphenocorona', NULL, NULL, 6, 14, 22, 10, 'sphenocorona.svg', NULL, NULL, NULL),
(269, 'Наращённая клинокорона', 'Augmented Sphenocorona', NULL, NULL, 6, 17, 26, 11, 'augmented_sphenocorona.svg', NULL, NULL, NULL),
(270, 'Большая клинокорона', 'Sphenomegacorona', NULL, NULL, 6, 18, 28, 12, 'sphenomegacorona.svg', NULL, NULL, NULL),
(271, 'Уплощённая большая клинокорона', 'Hebesphenomegacorona', NULL, NULL, 6, 21, 33, 14, 'hebesphenomegacorona.svg', NULL, NULL, NULL),
(272, 'Опоясанный двуклинник', 'Disphenocingulum', NULL, NULL, 6, 24, 38, 16, 'disphenocingulum.svg', NULL, NULL, NULL),
(273, 'Двойная серпоротонда', 'Bilunabirotunda', NULL, NULL, 6, 14, 26, 14, 'bilunabirotunda.svg', NULL, NULL, NULL),
(274, 'Уплощённая треугольная клиноротонда', 'Triangular Hebesphenorotunda', NULL, NULL, 6, 20, 36, 18, 'triangular_hebesphenorotunda.svg', NULL, NULL, NULL),
(275, 'Треугольная призма', 'Triangular Prism', NULL, NULL, 9, 5, 9, 6, 'triangular_prism.svg', NULL, NULL, 194),
(276, 'Пятиугольная призма', 'Pentagonal Prism', NULL, NULL, 9, 7, 15, 10, 'pentagonal_prism.svg', NULL, NULL, 195),
(277, 'Шестиугольная призма', 'Hexagonal Prism', NULL, NULL, 9, 8, 18, 12, 'hexagonal_prism.svg', NULL, NULL, 300),
(278, 'Семиугольная призма', 'Heptagonal Prism', NULL, NULL, 9, 9, 21, 14, 'heptagonal_prism.svg', NULL, NULL, 301),
(279, 'Восьмиугольная призма', 'Octagonal Prism', NULL, NULL, 9, 10, 24, 16, 'octagonal_prism.svg', NULL, NULL, 302),
(280, 'Девятиугольная призма', 'Enneagonal Prism', NULL, NULL, 9, 11, 27, 18, 'enneagonal_prism.svg', NULL, NULL, 303),
(281, 'Десятиугольная призма', 'Decagonal Prism', NULL, NULL, 9, 12, 30, 20, 'decagonal_prism.svg', NULL, NULL, 304),
(282, 'Квадратная антипризма', 'Square Antiprism', NULL, NULL, 9, 10, 16, 8, 'square_prism.svg', NULL, NULL, 305),
(283, 'Пятиугольная антипризма', 'Pentagonal Antiprism', NULL, NULL, 9, 12, 20, 10, 'pentagonal_antiprism.svg', NULL, NULL, 306),
(284, 'Шестиугольная антипризма', 'Hexagonal Antiprism', NULL, NULL, 9, 14, 24, 12, 'hexagonal_antiprism.svg', NULL, NULL, 307),
(285, 'Семиугольная антипризма', 'Heptagonal Antiprism', NULL, NULL, 9, 16, 28, 14, 'heptagonal_antiprism.svg', NULL, NULL, 308),
(286, 'Восьмиугольная антипризма', 'Octagonal Antiprism', NULL, NULL, 9, 18, 32, 16, 'octagonal_antiprism.svg', NULL, NULL, 309),
(287, 'Девятиугольная антипризма', 'Enneagonal Antiprism', NULL, NULL, 9, 20, 36, 18, 'enneagonal_antiprism.svg', NULL, NULL, 310),
(288, 'Десятиугольная антипризма', 'Decagonal Antiprism', NULL, NULL, 9, 22, 40, 20, 'decagonal_antiprism.svg', NULL, NULL, 311),
(289, 'Пентаграммная призма', 'Pentagrammic Prism', NULL, NULL, 9, 7, 15, 10, 'pentagrammic_prism.png', NULL, NULL, NULL),
(290, 'Гептаграммная призма', 'Heptagrammic Prism', NULL, NULL, 9, 9, 21, 14, 'heptagrammic_prism.png', NULL, NULL, NULL),
(291, 'Октаграммная призма', 'Octagrammic Prism', NULL, NULL, 9, 10, 24, 16, 'octagrammic_prism.png', NULL, NULL, NULL),
(292, 'Пентаграммная антипризма', 'Pentagrammic Antiprism', NULL, NULL, 9, 7, 15, 10, 'pentagrammic_antiprism.png', NULL, NULL, NULL),
(293, 'Гептаграммная антипризма', 'Heptagrammic Antiprism', NULL, NULL, 9, 9, 21, 14, 'heptagrammic_antiprism.png', NULL, NULL, NULL),
(294, 'Октаграммная антипризма', 'Octagrammic Antiprism', NULL, NULL, 9, 10, 24, 16, 'octagrammic_antiprism.png', NULL, NULL, NULL),
(295, 'Шестиугольная пирамида', 'Hexagonal Pyramid', NULL, NULL, 10, 7, 12, 7, 'hexagonal_pyramid.png', NULL, NULL, 295),
(296, 'Семиугольная пирамида', 'Heptagonal Pyramid', NULL, NULL, 10, 8, 14, 8, 'heptagonal_pyramid.png', NULL, NULL, 296),
(297, 'Восьмиугольная пирамида', 'Octagonal Pyramid', NULL, NULL, 10, 9, 16, 9, 'octagonal_pyramid.png', NULL, NULL, 297),
(298, 'Девятиугольная пирамида', 'Enneagonal Pyramid', NULL, NULL, 10, 10, 18, 10, 'enneagonal_pyramid.png', NULL, NULL, 298),
(299, 'Десятиугольная пирамида', 'Decagonal Pyramid', NULL, NULL, 10, 11, 20, 11, 'decagonal_pyramid.png', NULL, NULL, 299),
(300, 'Шестиугольная бипирамида', 'Hexagonal Dipyramid', NULL, NULL, 11, 12, 18, 8, 'hexagonal_dipyramid.svg', NULL, NULL, 277),
(301, 'Семиугольная бипирамида', 'Heptagonal Dipyramid', NULL, NULL, 11, 14, 21, 9, 'heptagonal_dipyramid.svg', NULL, NULL, 278),
(302, 'Восьмиугольная бипирамида', 'Octagonal Dipyramid', NULL, NULL, 11, 16, 24, 10, 'octagonal_dipyramid.svg', NULL, NULL, 279),
(303, 'Девятиугольная бипирамида', 'Enneagonal Dipyramid', NULL, NULL, 11, 18, 27, 11, 'enneagonal_dipyramid.svg', NULL, NULL, 280),
(304, 'Десятиугольная бипирамида', 'Decagonal Dipyramid', NULL, NULL, 11, 20, 30, 12, 'decagonal_dipyramid.svg', NULL, NULL, 281),
(305, 'Четырёхугольный трапецоэдр', 'Tetragonal Trapezohedron', NULL, NULL, 12, 8, 16, 10, 'tetragonal_trapezohedron.png', NULL, NULL, 282),
(306, 'Пятиугольный трапецоэдр', 'Pentagonal Trapezohedron', NULL, NULL, 12, 10, 24, 12, 'pentagonal_trapezohedron.png', NULL, NULL, 283),
(307, 'Шестиугольный трапецоэдр', 'Hexagonal Trapezohedron', NULL, NULL, 12, 12, 24, 14, 'hexagonal_trapezohedron.png', NULL, NULL, 284),
(308, 'Семиугольный трапецоэдр', 'Heptagonal Trapezohedron', NULL, NULL, 12, 14, 28, 16, 'heptagonal_trapezohedron.png', NULL, NULL, 285),
(309, 'Восьмиугольный трапецоэдр', 'Octagonal Trapezohedron', NULL, NULL, 12, 16, 32, 18, 'octagonal_trapezohedron.png', NULL, NULL, 286),
(310, 'Девятиугольный трапецоэдр', 'Enneagonal Trapezohedron', NULL, NULL, 12, 18, 36, 20, 'enneagonal_trapezohedron.png', NULL, NULL, 287),
(311, 'Десятиугольный трапецоэдр', 'Decagonal Trapezohedron', NULL, NULL, 12, 20, 40, 22, 'decagonal_trapezohedron.png', NULL, NULL, 288);
